"Date","Price","Open","High","Low","Vol.","Change %"
"Dec 28, 2021","3,905.17","4,037.04","4,037.04","3,857.91","311.61K","-3.25%"
"Dec 27, 2021","4,036.24","4,064.58","4,125.11","4,033.26","222.31K","-0.61%"
"Dec 26, 2021","4,061.17","4,095.72","4,103.98","4,005.01","189.16K","-0.77%"
"Dec 25, 2021","4,092.69","4,046.98","4,135.67","4,025.33","208.14K","1.22%"
"Dec 24, 2021","4,043.19","4,112.30","4,133.72","4,025.43","230.85K","-1.62%"
"Dec 23, 2021","4,109.70","3,980.37","4,148.85","3,895.82","380.18K","3.27%"
"Dec 22, 2021","3,979.47","4,014.00","4,072.10","3,943.62","303.22K","-0.92%"
"Dec 21, 2021","4,016.27","3,956.37","4,058.42","3,915.49","340.87K","1.82%"
"Dec 20, 2021","3,944.49","3,923.62","3,978.42","3,757.35","366.91K","0.48%"
"Dec 19, 2021","3,925.80","3,959.00","4,024.80","3,890.82","306.00K","-0.86%"
"Dec 18, 2021","3,959.77","3,881.81","3,992.51","3,770.62","339.77K","2.10%"
"Dec 17, 2021","3,878.43","3,959.05","3,994.00","3,702.29","463.29K","-1.97%"
"Dec 16, 2021","3,956.35","4,023.92","4,107.85","3,955.35","368.81K","-1.56%"
"Dec 15, 2021","4,018.94","3,859.06","4,089.65","3,648.77","542.03K","4.11%"
"Dec 14, 2021","3,860.41","3,783.53","3,879.48","3,690.04","395.14K","2.12%"
"Dec 13, 2021","3,780.13","4,126.81","4,140.73","3,672.30","533.47K","-8.51%"
"Dec 12, 2021","4,131.84","4,089.38","4,173.15","3,988.22","260.68K","1.39%"
"Dec 11, 2021","4,075.23","3,896.72","4,094.73","3,837.15","427.79K","4.40%"
"Dec 10, 2021","3,903.58","4,107.70","4,227.84","3,894.26","563.20K","-4.97%"
"Dec 09, 2021","4,107.82","4,437.94","4,482.76","4,077.94","462.01K","-7.38%"
"Dec 08, 2021","4,435.24","4,308.26","4,449.85","4,229.16","429.38K","2.97%"
"Dec 07, 2021","4,307.11","4,350.79","4,424.22","4,259.06","420.89K","-1.05%"
"Dec 06, 2021","4,352.66","4,197.06","4,374.22","3,922.04","726.73K","3.77%"
"Dec 05, 2021","4,194.60","4,123.56","4,247.57","4,035.80","536.33K","1.86%"
"Dec 04, 2021","4,118.06","4,213.57","4,237.33","3,561.06","1.11M","-2.36%"
"Dec 03, 2021","4,217.78","4,512.71","4,646.83","4,045.17","677.86K","-6.54%"
"Dec 02, 2021","4,512.71","4,583.02","4,630.11","4,437.49","451.88K","-1.53%"
"Dec 01, 2021","4,582.96","4,630.52","4,778.00","4,524.92","508.22K","-1.04%"
"Nov 30, 2021","4,631.22","4,442.62","4,748.00","4,348.96","742.65K","4.24%"
"Nov 29, 2021","4,442.82","4,300.00","4,457.00","4,279.54","406.97K","3.38%"
"Nov 28, 2021","4,297.52","4,094.97","4,297.52","3,980.00","346.50K","4.98%"
"Nov 27, 2021","4,093.56","4,041.65","4,182.66","4,028.52","275.44K","1.47%"
"Nov 26, 2021","4,034.41","4,525.51","4,547.70","3,916.62","720.21K","-10.74%"
"Nov 25, 2021","4,519.71","4,272.28","4,549.18","4,248.98","445.83K","5.85%"
"Nov 24, 2021","4,270.00","4,338.75","4,372.80","4,171.89","448.73K","-1.62%"
"Nov 23, 2021","4,340.45","4,088.03","4,384.72","4,062.19","502.79K","6.21%"
"Nov 22, 2021","4,086.52","4,263.24","4,311.17","4,026.64","518.63K","-4.26%"
"Nov 21, 2021","4,268.16","4,412.18","4,422.54","4,246.31","340.07K","-3.17%"
"Nov 20, 2021","4,408.00","4,294.75","4,434.09","4,206.02","365.23K","2.62%"
"Nov 19, 2021","4,295.39","3,996.26","4,305.18","3,978.34","420.39K","7.30%"
"Nov 18, 2021","4,003.13","4,291.23","4,342.67","3,958.35","576.62K","-6.71%"
"Nov 17, 2021","4,290.99","4,208.75","4,298.72","4,070.81","472.87K","1.96%"
"Nov 16, 2021","4,208.42","4,562.12","4,562.12","4,111.94","735.80K","-7.77%"
"Nov 15, 2021","4,563.04","4,634.28","4,770.01","4,544.21","375.48K","-1.36%"
"Nov 14, 2021","4,625.76","4,644.94","4,692.28","4,514.81","245.31K","-0.41%"
"Nov 13, 2021","4,644.58","4,669.97","4,704.89","4,585.21","220.73K","-0.45%"
"Nov 12, 2021","4,665.46","4,718.28","4,807.78","4,512.66","461.58K","-1.17%"
"Nov 11, 2021","4,720.86","4,625.11","4,778.09","4,578.99","303.77K","1.88%"
"Nov 10, 2021","4,633.95","4,732.74","4,864.13","4,507.15","553.55K","-2.07%"
"Nov 09, 2021","4,731.68","4,804.50","4,836.54","4,715.36","311.31K","-1.59%"
"Nov 08, 2021","4,808.09","4,613.20","4,822.96","4,613.20","391.09K","4.26%"
"Nov 07, 2021","4,611.73","4,516.46","4,634.35","4,502.38","243.69K","2.09%"
"Nov 06, 2021","4,517.27","4,473.03","4,526.66","4,330.83","322.09K","0.95%"
"Nov 05, 2021","4,474.98","4,533.16","4,569.43","4,439.00","305.64K","-1.34%"
"Nov 04, 2021","4,535.53","4,603.78","4,604.98","4,421.72","368.26K","-1.45%"
"Nov 03, 2021","4,602.42","4,589.26","4,661.14","4,459.50","448.68K","0.36%"
"Nov 02, 2021","4,585.74","4,318.80","4,598.12","4,287.86","468.16K","6.13%"
"Nov 01, 2021","4,320.91","4,288.93","4,377.37","4,158.07","417.62K","0.78%"
"Oct 31, 2021","4,287.60","4,327.99","4,393.48","4,170.48","413.75K","-0.79%"
"Oct 30, 2021","4,321.56","4,420.46","4,427.46","4,250.84","340.24K","-2.09%"
"Oct 29, 2021","4,413.79","4,286.51","4,459.04","4,268.25","559.06K","3.02%"
"Oct 28, 2021","4,284.51","3,923.58","4,289.44","3,895.91","626.56K","9.25%"
"Oct 27, 2021","3,921.72","4,130.52","4,300.31","3,914.22","704.44K","-5.04%"
"Oct 26, 2021","4,129.69","4,225.63","4,292.35","4,098.35","414.49K","-2.15%"
"Oct 25, 2021","4,220.35","4,084.10","4,235.25","4,069.92","347.43K","3.36%"
"Oct 24, 2021","4,083.18","4,171.99","4,183.98","3,965.55","350.13K","-2.05%"
"Oct 23, 2021","4,168.78","3,971.49","4,168.78","3,938.36","326.59K","4.98%"
"Oct 22, 2021","3,970.90","4,053.34","4,163.97","3,896.17","463.25K","-2.05%"
"Oct 21, 2021","4,054.15","4,161.79","4,365.70","4,028.35","798.63K","-2.55%"
"Oct 20, 2021","4,160.21","3,882.65","4,168.40","3,830.31","537.35K","7.31%"
"Oct 19, 2021","3,876.71","3,745.28","3,884.23","3,733.81","341.28K","3.44%"
"Oct 18, 2021","3,747.62","3,849.34","3,892.36","3,685.35","401.93K","-2.52%"
"Oct 17, 2021","3,844.63","3,829.47","3,917.62","3,666.11","368.80K","0.43%"
"Oct 16, 2021","3,828.25","3,872.68","3,967.73","3,804.46","373.76K","-1.05%"
"Oct 15, 2021","3,868.99","3,790.95","3,906.54","3,735.10","504.33K","2.08%"
"Oct 14, 2021","3,790.18","3,609.00","3,819.81","3,588.20","481.88K","5.07%"
"Oct 13, 2021","3,607.21","3,490.76","3,611.83","3,415.45","393.40K","3.39%"
"Oct 12, 2021","3,489.00","3,541.35","3,544.88","3,404.64","409.44K","-1.58%"
"Oct 11, 2021","3,545.08","3,413.29","3,622.89","3,382.58","493.49K","3.82%"
"Oct 10, 2021","3,414.72","3,573.89","3,599.23","3,409.25","580.26K","-4.46%"
"Oct 09, 2021","3,574.23","3,564.99","3,630.33","3,542.00","361.87K","0.42%"
"Oct 08, 2021","3,559.24","3,586.69","3,668.14","3,537.94","403.54K","-0.77%"
"Oct 07, 2021","3,586.93","3,575.39","3,649.64","3,473.54","486.11K","0.32%"
"Oct 06, 2021","3,575.58","3,514.94","3,627.08","3,345.56","618.23K","1.64%"
"Oct 05, 2021","3,517.82","3,386.15","3,540.83","3,364.83","393.90K","3.98%"
"Oct 04, 2021","3,383.17","3,417.06","3,436.13","3,272.33","485.18K","-0.97%"
"Oct 03, 2021","3,416.18","3,390.74","3,485.00","3,347.32","360.64K","0.82%"
"Oct 02, 2021","3,388.26","3,310.94","3,468.30","3,258.28","422.51K","2.38%"
"Oct 01, 2021","3,309.58","2,998.46","3,328.74","2,972.91","648.73K","10.32%"
"Sep 30, 2021","2,999.86","2,849.34","3,047.00","2,837.55","506.99K","5.19%"
"Sep 29, 2021","2,851.72","2,803.84","2,949.06","2,785.64","411.25K","1.57%"
"Sep 28, 2021","2,807.67","2,920.35","2,969.01","2,791.10","511.61K","-4.04%"
"Sep 27, 2021","2,926.02","3,057.50","3,164.20","2,926.02","510.07K","-4.48%"
"Sep 26, 2021","3,063.32","2,923.34","3,113.37","2,739.59","703.59K","4.84%"
"Sep 25, 2021","2,921.91","2,928.56","2,965.49","2,809.42","491.98K","-0.22%"
"Sep 24, 2021","2,928.24","3,152.02","3,157.89","2,740.03","932.09K","-7.12%"
"Sep 23, 2021","3,152.67","3,076.23","3,173.14","3,035.15","459.46K","2.43%"
"Sep 22, 2021","3,077.76","2,769.40","3,087.92","2,740.58","677.62K","11.31%"
"Sep 21, 2021","2,765.14","2,978.16","3,100.93","2,662.50","971.49K","-7.08%"
"Sep 20, 2021","2,975.90","3,334.06","3,343.83","2,933.47","917.82K","-10.59%"
"Sep 19, 2021","3,328.23","3,435.60","3,455.36","3,281.91","312.95K","-3.14%"
"Sep 18, 2021","3,436.22","3,401.18","3,539.57","3,371.10","315.12K","1.11%"
"Sep 17, 2021","3,398.38","3,567.89","3,593.31","3,352.78","398.88K","-4.75%"
"Sep 16, 2021","3,567.68","3,614.51","3,672.93","3,488.03","468.16K","-1.21%"
"Sep 15, 2021","3,611.32","3,433.88","3,611.32","3,360.48","428.77K","5.26%"
"Sep 14, 2021","3,430.91","3,285.83","3,430.91","3,270.69","373.34K","4.44%"
"Sep 13, 2021","3,285.09","3,401.16","3,428.87","3,117.75","647.87K","-3.60%"
"Sep 12, 2021","3,407.90","3,261.32","3,471.71","3,231.40","408.86K","4.30%"
"Sep 11, 2021","3,267.27","3,211.33","3,345.00","3,202.83","413.63K","1.76%"
"Sep 10, 2021","3,210.63","3,421.42","3,512.49","3,155.60","633.01K","-6.20%"
"Sep 09, 2021","3,422.99","3,497.93","3,564.31","3,395.09","628.54K","-2.18%"
"Sep 08, 2021","3,499.27","3,436.28","3,558.99","3,215.32","780.72K","2.25%"
"Sep 07, 2021","3,422.38","3,926.66","3,945.67","3,029.27","1.20M","-12.86%"
"Sep 06, 2021","3,927.43","3,950.29","3,968.00","3,866.73","397.78K","-0.59%"
"Sep 05, 2021","3,950.91","3,886.77","3,979.00","3,835.01","365.75K","1.70%"
"Sep 04, 2021","3,885.00","3,938.54","3,968.68","3,832.52","364.58K","-1.27%"
"Sep 03, 2021","3,934.83","3,785.63","4,025.06","3,716.75","655.82K","3.93%"
"Sep 02, 2021","3,786.14","3,826.43","3,833.42","3,722.78","525.42K","-1.30%"
"Sep 01, 2021","3,835.96","3,424.29","3,840.00","3,384.89","845.43K","11.85%"
"Aug 31, 2021","3,429.45","3,229.05","3,468.60","3,191.48","863.10K","6.22%"
"Aug 30, 2021","3,228.54","3,223.36","3,346.21","3,145.69","625.34K","0.21%"
"Aug 29, 2021","3,221.81","3,244.64","3,281.27","3,156.24","335.83K","-0.68%"
"Aug 28, 2021","3,244.01","3,273.88","3,284.73","3,212.53","262.35K","-0.90%"
"Aug 27, 2021","3,273.57","3,095.81","3,279.99","3,061.79","451.38K","5.86%"
"Aug 26, 2021","3,092.48","3,227.26","3,249.50","3,055.01","441.86K","-4.21%"
"Aug 25, 2021","3,228.40","3,170.02","3,247.63","3,080.42","483.75K","1.73%"
"Aug 24, 2021","3,173.35","3,324.58","3,357.83","3,150.40","540.54K","-4.50%"
"Aug 23, 2021","3,323.05","3,232.53","3,375.02","3,231.63","602.09K","2.62%"
"Aug 22, 2021","3,238.08","3,224.07","3,271.96","3,128.01","406.49K","0.44%"
"Aug 21, 2021","3,223.91","3,285.12","3,307.33","3,200.19","421.17K","-1.82%"
"Aug 20, 2021","3,283.51","3,182.60","3,299.87","3,176.85","19.54K","3.17%"
"Aug 19, 2021","3,182.59","3,016.58","3,187.21","2,960.64","36.29K","5.54%"
"Aug 18, 2021","3,015.62","3,011.54","3,123.48","2,951.66","42.91K","0.11%"
"Aug 17, 2021","3,012.34","3,146.81","3,290.36","2,993.10","44.72K","-4.27%"
"Aug 16, 2021","3,146.57","3,308.16","3,334.21","3,134.38","29.12K","-4.89%"
"Aug 15, 2021","3,308.41","3,264.15","3,319.27","3,112.92","27.73K","1.35%"
"Aug 14, 2021","3,264.44","3,321.78","3,329.95","3,206.12","24.14K","-1.73%"
"Aug 13, 2021","3,321.78","3,047.01","3,325.25","3,034.71","26.72K","9.02%"
"Aug 12, 2021","3,047.01","3,161.85","3,237.89","2,980.41","36.06K","-3.66%"
"Aug 11, 2021","3,162.71","3,139.69","3,273.26","3,121.62","25.96K","0.74%"
"Aug 10, 2021","3,139.33","3,161.37","3,230.45","3,053.51","29.07K","-0.72%"
"Aug 09, 2021","3,162.05","3,011.23","3,185.37","2,895.64","34.54K","4.92%"
"Aug 08, 2021","3,013.69","3,159.32","3,188.54","2,950.07","31.46K","-4.61%"
"Aug 07, 2021","3,159.39","2,891.41","3,169.51","2,865.78","30.26K","9.30%"
"Aug 06, 2021","2,890.62","2,827.52","2,946.43","2,721.55","28.59K","2.23%"
"Aug 05, 2021","2,827.52","2,724.86","2,843.32","2,531.58","39.57K","3.75%"
"Aug 04, 2021","2,725.33","2,508.60","2,768.77","2,459.27","29.03K","8.65%"
"Aug 03, 2021","2,508.37","2,606.99","2,631.40","2,445.57","35.31K","-3.78%"
"Aug 02, 2021","2,606.99","2,555.13","2,664.82","2,508.70","35.57K","2.04%"
"Aug 01, 2021","2,554.78","2,531.41","2,696.68","2,512.20","41.80K","1.03%"
"Jul 31, 2021","2,528.85","2,459.61","2,552.09","2,421.11","22.78K","2.74%"
"Jul 30, 2021","2,461.33","2,382.51","2,469.43","2,316.75","35.78K","3.32%"
"Jul 29, 2021","2,382.29","2,299.52","2,399.15","2,266.72","28.51K","3.60%"
"Jul 28, 2021","2,299.52","2,300.35","2,344.70","2,244.23","40.42K","-0.08%"
"Jul 27, 2021","2,301.45","2,228.33","2,318.00","2,152.76","44.82K","3.30%"
"Jul 26, 2021","2,227.96","2,189.61","2,430.64","2,172.88","56.00K","1.71%"
"Jul 25, 2021","2,190.59","2,176.17","2,195.25","2,108.72","27.20K","1.83%"
"Jul 24, 2021","2,151.19","2,125.35","2,166.87","2,106.02","30.27K","1.25%"
"Jul 23, 2021","2,124.65","2,025.27","2,129.44","1,998.37","32.41K","4.92%"
"Jul 22, 2021","2,025.07","1,994.28","2,044.38","1,950.33","41.89K","1.54%"
"Jul 21, 2021","1,994.26","1,785.64","2,031.41","1,757.14","53.35K","11.72%"
"Jul 20, 2021","1,785.08","1,818.42","1,840.14","1,719.48","47.09K","-1.83%"
"Jul 19, 2021","1,818.36","1,890.89","1,916.45","1,806.53","31.02K","-3.84%"
"Jul 18, 2021","1,891.04","1,898.35","1,991.67","1,879.70","29.93K","-0.43%"
"Jul 17, 2021","1,899.28","1,876.51","1,917.64","1,849.44","33.07K","1.21%"
"Jul 16, 2021","1,876.52","1,918.88","1,963.96","1,850.48","34.82K","-2.14%"
"Jul 15, 2021","1,917.52","1,994.86","2,038.91","1,883.04","40.16K","-3.87%"
"Jul 14, 2021","1,994.73","1,940.59","2,017.67","1,865.58","37.38K","2.77%"
"Jul 13, 2021","1,940.99","2,031.35","2,043.39","1,918.67","35.89K","-4.49%"
"Jul 12, 2021","2,032.26","2,141.93","2,166.87","2,008.94","26.09K","-5.05%"
"Jul 11, 2021","2,140.43","2,110.69","2,172.80","2,082.46","22.42K","1.42%"
"Jul 10, 2021","2,110.48","2,146.33","2,191.01","2,076.51","33.41K","-1.67%"
"Jul 09, 2021","2,146.33","2,113.33","2,187.09","2,049.32","49.42K","1.51%"
"Jul 08, 2021","2,114.50","2,316.17","2,324.11","2,087.34","57.68K","-8.74%"
"Jul 07, 2021","2,317.13","2,321.40","2,396.83","2,308.63","42.72K","0.29%"
"Jul 06, 2021","2,310.43","2,196.90","2,337.41","2,196.90","85.00K","5.22%"
"Jul 05, 2021","2,195.73","2,321.43","2,321.43","2,195.73","75.18K","-5.40%"
"Jul 04, 2021","2,321.00","2,325.37","2,353.06","2,321.00","41.83K","4.40%"
"Jul 03, 2021","2,223.15","2,154.60","2,230.95","2,154.60","55.32K","3.18%"
"Jul 02, 2021","2,154.60","2,107.92","2,154.60","2,047.51","104.04K","2.19%"
"Jul 01, 2021","2,108.34","2,274.99","2,274.99","2,108.34","106.44K","-7.33%"
"Jun 30, 2021","2,274.99","2,164.88","2,274.99","2,159.56","101.79K","5.13%"
"Jun 29, 2021","2,163.91","2,084.40","2,163.91","2,084.40","88.28K","3.80%"
"Jun 28, 2021","2,084.60","1,981.71","2,084.60","1,981.71","81.78K","5.26%"
"Jun 27, 2021","1,980.35","1,830.73","1,980.35","1,826.90","66.22K","8.17%"
"Jun 26, 2021","1,830.86","1,811.22","1,830.86","1,765.13","118.69K","1.08%"
"Jun 25, 2021","1,811.23","1,989.68","1,989.68","1,811.23","122.15K","-8.97%"
"Jun 24, 2021","1,989.62","1,968.12","1,989.62","1,944.34","79.90K","1.11%"
"Jun 23, 2021","1,967.83","1,877.58","1,999.17","1,877.58","120.53K","4.81%"
"Jun 22, 2021","1,877.48","1,885.13","1,885.13","1,769.29","219.74K","-0.46%"
"Jun 21, 2021","1,886.25","2,245.58","2,245.58","1,886.25","219.79K","-15.92%"
"Jun 20, 2021","2,243.42","2,164.72","2,243.42","2,091.96","72.42K","3.60%"
"Jun 19, 2021","2,165.40","2,234.13","2,249.26","2,165.40","47.58K","-3.04%"
"Jun 18, 2021","2,233.37","2,372.86","2,372.86","2,233.37","63.01K","-5.86%"
"Jun 17, 2021","2,372.28","2,368.17","2,440.23","2,368.17","39.81K","0.17%"
"Jun 16, 2021","2,368.17","2,544.13","2,544.13","2,368.17","50.05K","-6.90%"
"Jun 15, 2021","2,543.82","2,580.81","2,583.29","2,543.82","37.46K","-1.46%"
"Jun 14, 2021","2,581.43","2,508.92","2,581.43","2,479.98","47.93K","2.93%"
"Jun 13, 2021","2,507.86","2,369.70","2,507.86","2,369.70","57.54K","5.87%"
"Jun 12, 2021","2,368.74","2,354.02","2,368.88","2,290.57","70.64K","0.63%"
"Jun 11, 2021","2,353.84","2,469.52","2,474.57","2,353.84","57.76K","-4.67%"
"Jun 10, 2021","2,469.08","2,609.93","2,609.93","2,469.08","61.47K","-5.42%"
"Jun 09, 2021","2,610.65","2,507.15","2,610.65","2,461.43","99.98K","4.13%"
"Jun 08, 2021","2,507.15","2,591.92","2,591.92","2,484.32","142.73K","-3.35%"
"Jun 07, 2021","2,593.95","2,712.67","2,775.62","2,593.95","72.95K","-4.37%"
"Jun 06, 2021","2,712.42","2,628.13","2,712.42","2,628.13","52.98K","3.18%"
"Jun 05, 2021","2,628.85","2,688.37","2,742.88","2,622.22","86.78K","-2.17%"
"Jun 04, 2021","2,687.05","2,857.02","2,857.02","2,638.18","109.86K","-5.94%"
"Jun 03, 2021","2,856.64","2,705.24","2,856.64","2,704.66","71.74K","5.56%"
"Jun 02, 2021","2,706.19","2,633.79","2,706.19","2,633.79","85.46K","2.77%"
"Jun 01, 2021","2,633.30","2,706.16","2,730.19","2,568.20","213.03K","-2.69%"
"May 31, 2021","2,706.12","2,385.90","2,706.12","2,357.89","236.45K","13.38%"
"May 30, 2021","2,386.68","2,279.18","2,429.09","2,279.18","255.09K","4.76%"
"May 29, 2021","2,278.15","2,411.65","2,411.65","2,278.15","382.42K","-5.53%"
"May 28, 2021","2,411.45","2,739.73","2,739.73","2,350.81","347.63K","-12.01%"
"May 27, 2021","2,740.74","2,884.17","2,884.17","2,740.74","248.93K","-4.97%"
"May 26, 2021","2,884.17","2,704.67","2,884.17","2,704.67","319.42K","6.63%"
"May 25, 2021","2,704.90","2,648.50","2,704.90","2,575.49","503.18K","2.13%"
"May 24, 2021","2,648.50","2,097.31","2,648.50","2,097.31","566.34K","26.46%"
"May 23, 2021","2,094.28","2,294.41","2,319.10","2,014.34","891.86K","-8.68%"
"May 22, 2021","2,293.37","2,431.09","2,468.35","2,293.37","599.06K","-5.67%"
"May 21, 2021","2,431.17","2,767.88","2,857.54","2,431.17","643.22K","-12.16%"
"May 20, 2021","2,767.66","2,445.08","2,767.66","2,445.08","582.27K","13.63%"
"May 19, 2021","2,435.65","3,376.01","3,421.00","2,435.65","730.14K","-27.86%"
"May 18, 2021","3,376.30","3,282.72","3,512.56","3,282.72","198.00K","2.97%"
"May 17, 2021","3,278.92","3,580.24","3,580.24","3,227.97","272.61K","-8.40%"
"May 16, 2021","3,579.78","3,645.65","3,831.95","3,579.78","162.02K","-1.79%"
"May 15, 2021","3,645.15","4,073.04","4,073.04","3,645.15","140.08K","-10.50%"
"May 14, 2021","4,072.79","3,717.66","4,111.94","3,717.66","106.07K","9.55%"
"May 13, 2021","3,717.66","3,816.58","3,925.90","3,717.66","225.05K","-2.72%"
"May 12, 2021","3,821.67","4,173.86","4,352.11","3,821.67","130.89K","-8.44%"
"May 11, 2021","4,173.78","3,947.65","4,173.78","3,907.23","98.00K","5.66%"
"May 10, 2021","3,950.03","3,923.75","4,128.97","3,923.75","107.03K","0.71%"
"May 09, 2021","3,922.13","3,907.53","3,956.62","3,906.80","78.60K","0.37%"
"May 08, 2021","3,907.53","3,478.99","3,907.53","3,478.99","69.92K","12.32%"
"May 07, 2021","3,478.99","3,489.60","3,523.74","3,384.23","70.41K","-0.26%"
"May 06, 2021","3,488.07","3,524.00","3,524.00","3,461.01","76.65K","-1.03%"
"May 05, 2021","3,524.26","3,267.94","3,524.26","3,267.94","122.89K","9.00%"
"May 04, 2021","3,233.36","3,430.50","3,453.21","3,233.36","157.73K","-5.67%"
"May 03, 2021","3,427.54","2,952.01","3,427.54","2,952.01","85.44K","16.11%"
"May 02, 2021","2,952.01","2,944.09","2,952.01","2,912.03","49.94K","0.27%"
"May 01, 2021","2,944.09","2,772.18","2,944.09","2,772.18","55.50K","6.21%"
"Apr 30, 2021","2,771.94","2,755.60","2,771.94","2,734.70","59.04K","0.59%"
"Apr 29, 2021","2,755.61","2,747.14","2,755.61","2,716.59","80.69K","0.30%"
"Apr 28, 2021","2,747.41","2,664.91","2,747.41","2,659.98","118.76K","3.16%"
"Apr 27, 2021","2,663.30","2,532.25","2,663.30","2,532.25","92.01K","5.14%"
"Apr 26, 2021","2,533.18","2,319.16","2,533.18","2,319.16","150.16K","9.23%"
"Apr 25, 2021","2,319.16","2,215.03","2,319.16","2,215.03","161.52K","4.84%"
"Apr 24, 2021","2,212.13","2,367.72","2,367.72","2,212.13","194.30K","-6.57%"
"Apr 23, 2021","2,367.57","2,399.62","2,399.62","2,293.80","377.15K","-1.43%"
"Apr 22, 2021","2,401.94","2,357.29","2,583.38","2,357.29","270.78K","1.89%"
"Apr 21, 2021","2,357.29","2,330.22","2,426.31","2,307.00","169.59K","1.16%"
"Apr 20, 2021","2,330.22","2,161.03","2,330.22","2,139.04","198.46K","7.89%"
"Apr 19, 2021","2,159.74","2,235.98","2,262.50","2,124.61","136.33K","-3.47%"
"Apr 18, 2021","2,237.31","2,316.56","2,316.56","2,138.98","265.20K","-3.40%"
"Apr 17, 2021","2,315.96","2,422.08","2,422.08","2,315.96","72.13K","-4.38%"
"Apr 16, 2021","2,422.01","2,514.45","2,514.45","2,422.01","123.53K","-3.67%"
"Apr 15, 2021","2,514.30","2,432.88","2,514.30","2,432.88","69.22K","3.35%"
"Apr 14, 2021","2,432.88","2,299.47","2,432.88","2,299.47","115.17K","5.80%"
"Apr 13, 2021","2,299.40","2,136.59","2,299.40","2,136.59","77.78K","7.62%"
"Apr 12, 2021","2,136.59","2,144.55","2,144.86","2,136.59","60.88K","-0.33%"
"Apr 11, 2021","2,143.63","2,126.89","2,143.63","2,126.89","23.81K","0.86%"
"Apr 10, 2021","2,125.43","2,062.70","2,169.46","2,062.70","15.90K","3.04%"
"Apr 09, 2021","2,062.70","2,078.47","2,092.29","2,062.70","9.95K","-0.76%"
"Apr 08, 2021","2,078.45","1,961.75","2,078.45","1,961.75","18.42K","5.99%"
"Apr 07, 2021","1,961.01","2,113.48","2,113.48","1,961.01","36.36K","-7.20%"
"Apr 06, 2021","2,113.19","2,104.78","2,113.19","2,072.31","20.02K","0.37%"
"Apr 05, 2021","2,105.36","2,074.79","2,111.85","2,015.68","21.79K","1.47%"
"Apr 04, 2021","2,074.79","2,007.82","2,074.79","2,007.82","20.17K","3.33%"
"Apr 03, 2021","2,007.98","2,133.62","2,133.62","2,007.98","29.54K","-5.90%"
"Apr 02, 2021","2,133.99","1,967.42","2,133.99","1,967.42","23.86K","8.47%"
"Apr 01, 2021","1,967.33","1,920.69","1,967.33","1,909.88","23.96K","2.56%"
"Mar 31, 2021","1,918.24","1,841.40","1,918.24","1,815.51","28.97K","4.18%"
"Mar 30, 2021","1,841.29","1,816.66","1,841.29","1,795.44","13.17K","1.38%"
"Mar 29, 2021","1,816.19","1,687.90","1,816.19","1,687.90","17.01K","7.64%"
"Mar 28, 2021","1,687.27","1,711.85","1,712.81","1,687.27","12.72K","-1.44%"
"Mar 27, 2021","1,711.84","1,698.95","1,711.84","1,681.15","15.59K","0.76%"
"Mar 26, 2021","1,698.95","1,587.86","1,698.95","1,587.86","16.47K","7.00%"
"Mar 25, 2021","1,587.86","1,586.13","1,619.02","1,579.73","27.95K","0.12%"
"Mar 24, 2021","1,585.97","1,668.78","1,695.74","1,558.99","27.34K","-4.96%"
"Mar 23, 2021","1,668.77","1,682.86","1,700.43","1,665.81","21.87K","-0.85%"
"Mar 22, 2021","1,683.07","1,783.10","1,784.54","1,683.07","21.78K","-5.62%"
"Mar 21, 2021","1,783.34","1,805.54","1,805.54","1,767.43","16.05K","-1.21%"
"Mar 20, 2021","1,805.25","1,807.99","1,829.85","1,805.25","13.76K","-0.15%"
"Mar 19, 2021","1,807.90","1,777.75","1,808.76","1,777.75","15.52K","1.70%"
"Mar 18, 2021","1,777.75","1,823.19","1,828.74","1,777.75","18.46K","-2.47%"
"Mar 17, 2021","1,822.78","1,806.61","1,822.78","1,764.40","26.02K","0.95%"
"Mar 16, 2021","1,805.66","1,793.78","1,805.66","1,725.16","33.53K","0.70%"
"Mar 15, 2021","1,793.09","1,849.13","1,849.13","1,778.77","38.65K","-3.03%"
"Mar 14, 2021","1,849.13","1,922.48","1,922.48","1,849.13","25.13K","-3.80%"
"Mar 13, 2021","1,922.10","1,765.93","1,922.10","1,765.93","24.92K","8.84%"
"Mar 12, 2021","1,765.93","1,823.82","1,823.82","1,755.10","33.17K","-3.16%"
"Mar 11, 2021","1,823.61","1,794.88","1,823.61","1,788.97","41.29K","1.62%"
"Mar 10, 2021","1,794.51","1,869.88","1,869.88","1,772.25","41.00K","-3.99%"
"Mar 09, 2021","1,869.16","1,835.91","1,869.16","1,814.00","31.72K","1.99%"
"Mar 08, 2021","1,832.76","1,727.86","1,832.76","1,696.88","48.02K","6.23%"
"Mar 07, 2021","1,725.31","1,652.04","1,725.31","1,652.04","36.75K","4.61%"
"Mar 06, 2021","1,649.23","1,528.55","1,649.23","1,528.55","39.78K","7.95%"
"Mar 05, 2021","1,527.82","1,539.58","1,539.58","1,459.25","58.91K","-0.70%"
"Mar 04, 2021","1,538.58","1,567.76","1,572.83","1,538.58","57.77K","-1.88%"
"Mar 03, 2021","1,568.08","1,485.66","1,609.57","1,485.66","37.54K","5.49%"
"Mar 02, 2021","1,486.50","1,570.46","1,570.46","1,458.62","46.43K","-5.31%"
"Mar 01, 2021","1,569.79","1,418.28","1,569.79","1,418.28","46.55K","10.69%"
"Feb 28, 2021","1,418.23","1,457.94","1,457.94","1,353.89","84.53K","-2.74%"
"Feb 27, 2021","1,458.20","1,446.13","1,486.49","1,446.13","45.80K","0.90%"
"Feb 26, 2021","1,445.20","1,482.26","1,482.26","1,444.13","75.85K","-2.30%"
"Feb 25, 2021","1,479.25","1,622.89","1,622.89","1,479.25","47.22K","-8.89%"
"Feb 24, 2021","1,623.51","1,577.40","1,697.74","1,565.86","64.14K","2.89%"
"Feb 23, 2021","1,577.89","1,777.19","1,777.19","1,509.28","130.47K","-11.21%"
"Feb 22, 2021","1,777.10","1,934.82","1,934.82","1,777.10","54.58K","-8.10%"
"Feb 21, 2021","1,933.78","1,915.74","1,956.64","1,915.74","17.14K","0.94%"
"Feb 20, 2021","1,915.74","1,957.69","2,012.66","1,915.74","21.21K","-2.02%"
"Feb 19, 2021","1,955.16","1,938.61","1,955.16","1,915.69","9.34K","0.92%"
"Feb 18, 2021","1,937.25","1,851.65","1,937.25","1,851.65","8.64K","4.86%"
"Feb 17, 2021","1,847.48","1,781.83","1,847.48","1,765.68","9.76K","3.64%"
"Feb 16, 2021","1,782.57","1,779.81","1,788.57","1,779.81","20.06K","0.16%"
"Feb 15, 2021","1,779.72","1,800.69","1,807.74","1,779.72","22.44K","-1.16%"
"Feb 14, 2021","1,800.69","1,815.05","1,840.23","1,800.69","10.66K","-0.77%"
"Feb 13, 2021","1,814.61","1,838.63","1,849.83","1,807.44","16.66K","-1.33%"
"Feb 12, 2021","1,839.14","1,785.73","1,839.14","1,762.38","13.64K","3.03%"
"Feb 11, 2021","1,785.00","1,741.66","1,792.87","1,741.66","22.44K","2.53%"
"Feb 10, 2021","1,740.96","1,769.56","1,801.82","1,740.96","29.42K","-1.61%"
"Feb 09, 2021","1,769.41","1,748.86","1,769.41","1,748.86","29.05K","1.18%"
"Feb 08, 2021","1,748.86","1,612.28","1,748.86","1,612.28","32.34K","8.50%"
"Feb 07, 2021","1,611.83","1,677.70","1,677.70","1,575.94","32.23K","-3.89%"
"Feb 06, 2021","1,677.06","1,719.59","1,719.59","1,658.99","18.63K","-2.49%"
"Feb 05, 2021","1,719.84","1,595.22","1,735.11","1,595.22","24.42K","7.81%"
"Feb 04, 2021","1,595.22","1,662.39","1,662.39","1,595.22","39.27K","-4.04%"
"Feb 03, 2021","1,662.39","1,512.26","1,662.39","1,512.26","30.56K","10.01%"
"Feb 02, 2021","1,511.11","1,373.33","1,511.11","1,373.33","48.87K","10.05%"
"Feb 01, 2021","1,373.07","1,313.12","1,373.07","1,313.12","28.43K","4.58%"
"Jan 31, 2021","1,312.93","1,375.97","1,375.97","1,312.93","22.42K","-4.58%"
"Jan 30, 2021","1,375.95","1,378.77","1,378.77","1,349.55","36.64K","-0.21%"
"Jan 29, 2021","1,378.79","1,328.09","1,415.69","1,321.51","71.27K","3.82%"
"Jan 28, 2021","1,328.12","1,238.18","1,328.12","1,238.18","39.26K","6.99%"
"Jan 27, 2021","1,241.35","1,365.52","1,365.52","1,241.35","75.75K","-9.09%"
"Jan 26, 2021","1,365.52","1,319.49","1,365.52","1,319.49","61.07K","3.52%"
"Jan 25, 2021","1,319.14","1,390.67","1,408.39","1,319.14","59.20K","-5.13%"
"Jan 24, 2021","1,390.43","1,233.22","1,390.43","1,233.22","35.86K","12.75%"
"Jan 23, 2021","1,233.22","1,233.23","1,259.55","1,233.22","43.02K","-0.07%"
"Jan 22, 2021","1,234.08","1,111.66","1,234.08","1,110.07","114.68K","11.13%"
"Jan 21, 2021","1,110.48","1,377.50","1,377.50","1,110.48","139.43K","-19.38%"
"Jan 20, 2021","1,377.50","1,368.05","1,389.97","1,316.33","101.38K","0.63%"
"Jan 19, 2021","1,368.90","1,257.91","1,383.75","1,257.91","104.46K","8.82%"
"Jan 18, 2021","1,257.91","1,232.88","1,257.91","1,225.65","81.27K","1.98%"
"Jan 17, 2021","1,233.54","1,228.50","1,233.54","1,183.11","145.53K","0.41%"
"Jan 16, 2021","1,228.51","1,168.81","1,267.39","1,168.81","159.59K","5.11%"
"Jan 15, 2021","1,168.81","1,232.34","1,232.34","1,168.81","237.73K","-5.22%"
"Jan 14, 2021","1,233.17","1,010.59","1,233.17","1,010.59","127.91K","22.02%"
"Jan 13, 2021","1,010.59","1,050.54","1,066.96","1,010.59","49.79K","-3.75%"
"Jan 12, 2021","1,050.01","1,086.75","1,117.60","1,050.01","100.61K","-3.55%"
"Jan 11, 2021","1,088.71","1,255.39","1,255.39","984.99","87.80K","-13.32%"
"Jan 10, 2021","1,256.08","1,333.96","1,339.14","1,256.08","68.07K","4.48%"
"Jan 06, 2021","1,202.23","1,099.95","1,202.23","1,099.95","105.94K","9.31%"
"Jan 05, 2021","1,099.82","1,042.01","1,099.82","1,008.63","126.33K","5.42%"
"Jan 04, 2021","1,043.28","977.56","1,043.28","937.88","133.86K","6.70%"
"Jan 03, 2021","977.80","774.56","977.80","774.56","121.09K","26.24%"
"Jan 02, 2021","774.55","729.15","779.01","729.15","98.63K","6.23%"
"Jan 01, 2021","729.15","736.15","739.32","728.35","73.41K","-0.90%"
"Dec 31, 2020","735.81","752.01","752.01","731.60","95.14K","-2.16%"
"Dec 30, 2020","752.03","731.72","752.03","722.24","167.91K","2.78%"
"Dec 29, 2020","731.72","729.91","731.72","713.72","182.64K","0.18%"
"Dec 28, 2020","730.41","684.56","744.07","684.56","264.01K","6.68%"