"Date ","series ","OPEN ","HIGH ","LOW ","PREV. CLOSE ","ltp ","close ","vwap ","52W H ","52W L ","VOLUME ","VALUE ","No of trades "
"04-Jan-2022","EQ","225.05","252.45","221.15","224.15","247.40","249.50","243.83","252.45","68.80",5883095,"1,434,481,124.50",71368
"03-Jan-2022","EQ","221.85","225.50","219.00","221.40","225.00","224.15","222.85","235.00","68.80",545053,"121,465,659.45",8870
"31-Dec-2021","EQ","224.00","226.60","220.25","223.20","221.85","221.40","222.78","235.00","68.80",274197,"61,084,670.10",4854
"30-Dec-2021","EQ","223.00","227.95","220.40","223.15","223.50","223.20","224.48","235.00","68.80",483692,"108,581,232.40",8946
"29-Dec-2021","EQ","223.00","230.00","222.05","221.40","223.35","223.15","225.68","235.00","68.80",748628,"168,949,915.75",11340
"28-Dec-2021","EQ","220.00","226.15","219.05","217.05","221.40","221.40","222.68","235.00","68.80",1016369,"226,328,293.65",16227
"27-Dec-2021","EQ","216.00","218.10","211.25","216.00","217.85","217.05","215.96","235.00","68.80",307363,"66,378,945.25",5839
"24-Dec-2021","EQ","218.65","222.35","215.10","216.90","215.40","216.00","217.89","235.00","62.35",660139,"143,837,189.90",13008
"23-Dec-2021","EQ","216.00","222.90","214.25","213.95","217.40","216.90","217.80","235.00","62.35",459726,"100,130,012.75",7950
"22-Dec-2021","EQ","216.40","219.00","213.00","215.35","213.75","213.95","215.26","235.00","62.35",366522,"78,898,614.90",6489
"21-Dec-2021","EQ","210.00","218.00","210.00","208.65","217.00","215.35","215.32","235.00","62.35",547772,"117,945,641.55",9643
"20-Dec-2021","EQ","219.10","219.90","199.30","222.15","208.55","208.65","207.74","235.00","62.35",1203182,"249,954,753.55",24921
"17-Dec-2021","EQ","229.10","233.50","219.00","227.50","222.00","222.15","227.11","235.00","62.35",1168922,"265,479,411.95",19734
"16-Dec-2021","EQ","222.20","229.00","222.00","220.40","226.95","227.50","225.65","235.00","62.35",952244,"214,874,016.50",15671
"15-Dec-2021","EQ","223.25","232.50","217.20","225.35","220.90","220.40","226.28","235.00","62.35",1304915,"295,282,162.95",25589
"14-Dec-2021","EQ","215.50","226.90","215.50","217.65","224.15","225.35","223.86","235.00","62.35",1043662,"233,633,139.20",20119
"13-Dec-2021","EQ","220.00","221.35","215.55","218.40","218.45","217.65","218.37","235.00","62.35",540365,"117,997,881.75",8461
"10-Dec-2021","EQ","225.45","225.60","216.15","224.40","218.10","218.40","220.58","235.00","62.35",567130,"125,097,976.60",10303
"09-Dec-2021","EQ","213.00","232.00","210.35","211.55","224.40","224.40","223.27","235.00","62.35",1683178,"375,811,561.85",23021
"08-Dec-2021","EQ","214.50","216.90","210.10","213.00","212.00","211.55","213.99","235.00","62.35",389513,"83,353,586.35",5957
"07-Dec-2021","EQ","209.00","214.35","209.00","209.25","212.70","213.00","212.09","235.00","62.35",392169,"83,174,667.05",6614
"06-Dec-2021","EQ","215.00","218.00","208.20","214.30","209.00","209.25","214.22","235.00","62.35",640004,"137,104,602.40",10586
"03-Dec-2021","EQ","208.95","217.50","208.65","209.10","215.50","214.30","214.20","235.00","62.35",1100590,"235,747,730.45",15223
"02-Dec-2021","EQ","206.90","212.30","205.50","204.15","209.05","209.10","208.89","235.00","62.35",638008,"133,270,851.95",10787
"01-Dec-2021","EQ","204.75","209.70","201.50","206.50","203.90","204.15","205.14","235.00","62.35",694520,"142,474,295.70",11506
"30-Nov-2021","EQ","201.00","213.75","200.10","201.20","201.30","206.50","207.64","235.00","62.35",2124349,"441,100,657.85",28951
"29-Nov-2021","EQ","220.25","224.00","197.60","224.05","200.90","201.20","208.56","235.00","62.35",1505990,"314,091,009.15",31758
"26-Nov-2021","EQ","224.25","235.00","219.30","225.65","223.00","224.05","229.51","235.00","62.35",3041955,"698,166,539.65",52510
"25-Nov-2021","EQ","217.90","230.00","216.65","216.40","225.25","225.65","226.43","230.00","62.35",3871414,"876,620,634.90",49544
"24-Nov-2021","EQ","205.30","225.00","205.30","201.45","215.70","216.40","219.05","225.00","62.35",4445028,"973,687,259.25",56341
"23-Nov-2021","EQ","189.00","203.75","189.00","188.05","201.40","201.45","196.45","220.00","62.35",946748,"185,988,469.15",20078
"22-Nov-2021","EQ","200.70","200.70","185.75","199.70","188.00","188.05","189.96","220.00","62.35",912918,"173,421,123.35",15967
"18-Nov-2021","EQ","205.85","206.70","198.50","205.75","200.00","199.70","201.54","220.00","62.35",472055,"95,137,638.30",9364
"17-Nov-2021","EQ","198.85","210.00","198.00","198.05","205.10","205.75","205.34","220.00","62.35",862770,"177,159,757.50",15193
"16-Nov-2021","EQ","207.00","209.50","196.65","206.10","198.40","198.05","202.94","220.00","62.35",624007,"126,638,200.90",11995
"15-Nov-2021","EQ","217.00","217.00","205.00","215.95","206.50","206.10","209.28","220.00","62.35",463849,"97,074,901.85",9168
"12-Nov-2021","EQ","211.60","217.75","208.55","209.95","215.05","215.95","214.13","220.00","62.35",1406120,"301,091,031.50",22182
"11-Nov-2021","EQ","213.90","214.00","201.95","212.25","209.30","209.95","208.55","220.00","62.35",1110614,"231,620,259.95",19073
"10-Nov-2021","EQ","200.00","214.00","199.50","201.00","213.00","212.25","210.91","220.00","62.35",1767505,"372,787,421.45",24819
"09-Nov-2021","EQ","204.15","206.75","199.80","205.40","202.00","201.00","202.50","220.00","62.35",331129,"67,053,325.10",6441
"08-Nov-2021","EQ","207.40","209.25","202.05","203.40","205.00","205.40","206.70","220.00","62.35",626097,"129,411,604.15",9945
"04-Nov-2021","EQ","203.80","206.30","201.25","201.15","203.20","203.40","203.90","220.00","62.35",237791,"48,485,358.85",3303
"03-Nov-2021","EQ","205.30","207.70","198.50","204.05","200.70","201.15","203.44","220.00","62.35",592128,"120,463,559.90",11576
"02-Nov-2021","EQ","196.00","206.50","194.55","194.05","205.30","204.05","201.15","220.00","62.35",988812,"198,897,988.70",16456
"01-Nov-2021","EQ","192.55","195.60","191.05","191.25","195.40","194.05","193.37","220.00","62.35",468644,"90,620,051.05",7432
"29-Oct-2021","EQ","185.00","196.00","183.05","187.85","190.10","191.25","191.73","220.00","62.35",789730,"151,412,143.85",16780
"28-Oct-2021","EQ","201.00","201.00","185.10","203.90","188.00","187.85","191.96","220.00","62.35",1069140,"205,231,230.25",20013
"27-Oct-2021","EQ","205.00","210.40","201.00","203.85","204.50","203.90","205.89","220.00","62.35",797468,"164,186,947.85",14653
"26-Oct-2021","EQ","192.10","207.15","192.00","190.05","203.25","203.85","199.87","220.00","62.35",1102630,"220,384,182.10",21504
"25-Oct-2021","EQ","194.00","196.75","181.05","193.20","191.40","190.05","187.99","220.00","62.35",841099,"158,118,671.25",17324
"22-Oct-2021","EQ","206.00","206.35","191.30","205.60","193.50","193.20","197.32","220.00","62.35",634482,"125,197,267.50",12535
"21-Oct-2021","EQ","202.70","209.90","201.30","201.05","204.50","205.60","206.28","220.00","62.35",905395,"186,761,035.95",16586
"20-Oct-2021","EQ","208.00","208.00","194.45","208.35","202.60","201.05","201.94","220.00","62.35",1067222,"215,511,920.65",20930
"19-Oct-2021","EQ","215.15","220.00","205.00","213.45","208.00","208.35","214.01","220.00","62.35",1409005,"301,536,009.80",22224
"18-Oct-2021","EQ","202.90","218.65","202.30","201.20","214.50","213.45","212.66","218.65","62.35",2489763,"529,474,603.40",33708
"14-Oct-2021","EQ","208.50","209.70","198.90","206.90","201.30","201.20","204.57","212.40","62.35",756831,"154,823,793.60",14394
"13-Oct-2021","EQ","204.70","212.40","203.85","203.15","207.25","206.90","208.60","212.40","62.35",1825099,"380,717,683.45",27094
"12-Oct-2021","EQ","200.00","207.70","199.90","199.40","203.00","203.15","204.25","210.00","62.35",1677123,"342,545,261.25",23866
"11-Oct-2021","EQ","199.00","205.00","196.00","197.55","200.00","199.40","200.37","210.00","62.35",974266,"195,209,758.25",16821
"08-Oct-2021","EQ","193.95","205.05","190.50","192.20","198.25","197.55","197.86","210.00","62.35",1193360,"236,116,667.60",21986
"07-Oct-2021","EQ","196.05","197.45","190.10","194.55","192.00","192.20","194.21","210.00","62.35",873629,"169,668,476.75",14470
"06-Oct-2021","EQ","200.50","201.90","192.55","199.75","194.70","194.55","197.35","210.00","62.35",936291,"184,772,637.10",16145
"05-Oct-2021","EQ","206.85","206.85","198.40","206.50","199.05","199.75","201.15","210.00","62.35",1239227,"249,265,089.15",22400
"04-Oct-2021","EQ","195.00","210.00","194.90","192.20","206.40","206.50","205.05","210.00","62.35",4589697,"941,111,037.30",59358
"01-Oct-2021","EQ","184.25","193.65","183.30","185.05","192.75","192.20","190.19","209.40","62.35",1831703,"348,372,238.30",23711
"30-Sep-2021","EQ","186.95","189.90","182.75","185.10","184.20","185.05","186.55","209.40","62.35",1096108,"204,481,514.80",17699
"29-Sep-2021","EQ","177.40","187.00","177.40","175.25","184.55","185.10","183.13","209.40","62.35",1758045,"321,944,856.05",27986
"28-Sep-2021","EQ","173.65","176.50","173.00","171.95","174.80","175.25","174.91","209.40","62.35",475658,"83,199,646.60",7878
"27-Sep-2021","EQ","175.90","176.25","171.00","174.35","171.95","171.95","172.79","209.40","62.35",251092,"43,386,028.35",5726
"24-Sep-2021","EQ","177.30","182.00","173.75","173.80","174.30","174.35","178.07","209.40","62.35",563346,"100,314,276.45",9611
"23-Sep-2021","EQ","172.50","175.65","171.60","170.60","174.30","173.80","173.83","209.40","62.35",317981,"55,275,645.15",8703
"22-Sep-2021","EQ","168.90","172.90","168.90","168.10","171.50","170.60","171.19","209.40","62.35",267179,"45,737,393.05",5726
"21-Sep-2021","EQ","169.00","170.70","166.55","169.85","168.10","168.10","168.11","209.40","62.35",358101,"60,200,767.00",5855
"20-Sep-2021","EQ","174.50","178.20","168.65","178.25","169.95","169.85","173.69","209.40","62.35",406679,"70,636,220.40",8777
"17-Sep-2021","EQ","178.60","179.75","171.60","178.30","178.05","178.25","175.96","209.40","62.35",485450,"85,419,630.70",10196
"16-Sep-2021","EQ","179.95","182.40","177.60","178.15","178.70","178.30","180.54","209.40","62.35",440559,"79,539,964.35",6511
"15-Sep-2021","EQ","178.00","183.60","177.40","175.60","178.00","178.15","180.30","209.40","62.35",640540,"115,490,580.60",11228
"14-Sep-2021","EQ","171.85","177.65","170.40","170.45","177.60","175.60","174.34","209.40","62.35",528892,"92,208,544.65",8367
"13-Sep-2021","EQ","169.45","171.45","166.00","169.40","170.70","170.45","168.38","209.40","62.35",297442,"50,083,375.65",5887
"09-Sep-2021","EQ","168.60","172.35","168.25","169.10","169.00","169.40","169.62","209.40","62.35",232157,"39,378,298.30",4093
"08-Sep-2021","EQ","166.60","171.30","166.55","168.25","169.20","169.10","169.24","209.40","62.35",210627,"35,646,629.15",4312
"07-Sep-2021","EQ","169.80","171.90","165.55","169.75","168.80","168.25","169.50","209.40","62.35",292124,"49,515,458.85",5176
"06-Sep-2021","EQ","175.10","176.50","169.00","174.15","170.00","169.75","171.37","209.40","62.35",374594,"64,194,292.50",6977
"03-Sep-2021","EQ","171.30","175.50","170.40","170.50","174.85","174.15","173.26","209.40","62.35",382286,"66,234,847.25",6919
"02-Sep-2021","EQ","174.10","175.00","168.00","174.10","171.70","170.50","172.26","209.40","62.35",404213,"69,628,902.30",10460
"01-Sep-2021","EQ","174.10","176.80","173.60","173.25","174.30","174.10","174.71","209.40","62.35",260076,"45,438,470.80",7036
"31-Aug-2021","EQ","174.00","176.45","172.80","170.85","172.80","173.25","174.26","209.40","62.35",251623,"43,847,801.50",6404
"30-Aug-2021","EQ","171.00","172.65","169.30","168.70","170.90","170.85","170.97","209.40","62.35",269040,"45,998,858.15",5076
"27-Aug-2021","EQ","172.20","172.35","167.30","172.20","169.45","168.70","170.30","209.40","62.35",238667,"40,645,164.15",5162
"26-Aug-2021","EQ","174.75","177.95","171.25","173.90","172.75","172.20","175.42","209.40","62.35",449343,"78,822,804.40",7170
"25-Aug-2021","EQ","171.65","176.85","171.65","170.65","173.45","173.90","174.54","209.40","62.35",606949,"105,938,294.30",9629
"24-Aug-2021","EQ","166.00","173.75","166.00","165.65","171.50","170.65","170.90","209.40","62.35",521323,"89,096,294.75",9748
"23-Aug-2021","EQ","175.00","176.75","164.25","174.15","166.90","165.65","169.13","209.40","62.35",350325,"59,250,401.60",8580
"20-Aug-2021","EQ","178.30","179.85","173.10","179.25","173.75","174.15","176.72","209.40","62.35",484150,"85,557,429.55",10391
"18-Aug-2021","EQ","180.95","184.00","175.10","180.65","179.00","179.25","179.37","209.40","62.35",665467,"119,362,611.75",10873
"17-Aug-2021","EQ","181.50","185.50","179.10","177.85","180.50","180.65","182.80","209.40","62.35",994763,"181,838,831.65",16391
"16-Aug-2021","EQ","177.25","180.00","175.10","173.55","176.50","177.85","177.42","209.40","62.35",518320,"91,961,501.10",7913
"13-Aug-2021","EQ","174.80","178.00","173.00","173.90","173.50","173.55","175.76","209.40","62.35",361447,"63,527,619.25",5196
"12-Aug-2021","EQ","174.50","178.00","171.45","172.90","173.80","173.90","175.08","209.40","62.35",686053,"120,116,167.05",8733
"11-Aug-2021","EQ","170.00","175.00","167.55","165.25","173.50","172.90","172.03","209.40","62.35",873269,"150,225,252.65",12989
"10-Aug-2021","EQ","174.90","177.30","163.00","175.00","164.00","165.25","169.92","209.40","62.35",671099,"114,034,866.00",10978
"09-Aug-2021","EQ","181.35","181.90","174.05","181.15","175.50","175.00","176.55","209.40","62.35",497884,"87,902,137.50",8484
"06-Aug-2021","EQ","180.60","184.70","180.20","178.80","182.00","181.15","182.55","209.40","56.90",360366,"65,783,870.30",6385
"05-Aug-2021","EQ","180.00","180.90","175.00","180.25","178.40","178.80","177.28","209.40","56.90",590860,"104,747,174.30",9109
"04-Aug-2021","EQ","184.95","186.70","176.60","184.80","178.70","180.25","180.99","209.40","56.90",761616,"137,841,475.95",10609
"03-Aug-2021","EQ","187.70","188.45","182.00","186.75","185.00","184.80","184.78","209.40","56.90",667384,"123,320,831.00",10402
"02-Aug-2021","EQ","188.20","193.00","184.60","186.85","187.40","186.75","189.06","209.40","56.90",627066,"118,554,841.05",9372
"30-Jul-2021","EQ","190.95","192.90","185.00","191.85","187.80","186.85","189.47","209.40","54.05",879850,"166,705,142.45",11195
"29-Jul-2021","EQ","175.40","192.70","175.40","176.70","192.50","191.85","186.66","209.40","54.05",2160840,"403,333,094.65",23326
"28-Jul-2021","EQ","182.90","184.90","173.60","181.05","175.40","176.70","179.27","209.40","54.05",820261,"147,050,567.45",11706
"27-Jul-2021","EQ","175.00","183.60","175.00","172.30","181.20","181.05","179.66","209.40","54.05",1285716,"230,994,268.35",16758
"26-Jul-2021","EQ","178.35","178.35","159.45","184.35","172.00","172.30","172.27","209.40","54.05",3188124,"549,213,265.60",40651
"23-Jul-2021","EQ","187.95","189.60","182.20","186.70","183.90","184.35","185.12","209.40","54.00",585093,"108,313,229.10",10825
"22-Jul-2021","EQ","189.00","192.25","185.05","187.90","186.30","186.70","188.71","209.40","54.00",546631,"103,153,280.55",7444
"20-Jul-2021","EQ","192.90","194.40","184.15","193.60","188.00","187.90","188.43","209.40","54.00",537648,"101,310,882.15",9423
"19-Jul-2021","EQ","190.00","198.95","188.90","191.10","193.70","193.60","194.66","209.40","54.00",731644,"142,420,630.40",13099
"16-Jul-2021","EQ","195.60","195.75","190.55","195.20","190.90","191.10","191.90","209.40","51.80",649558,"124,650,471.40",9556
"15-Jul-2021","EQ","199.20","199.95","192.60","199.20","195.60","195.20","197.07","209.40","51.80",600690,"118,379,275.15",8553
"14-Jul-2021","EQ","196.65","199.65","196.65","198.50","199.60","199.20","198.45","209.40","51.80",489685,"97,179,546.55",6659
"13-Jul-2021","EQ","199.30","201.75","195.90","198.35","197.60","198.50","199.25","209.40","51.80",1007884,"200,821,437.90",11754
"12-Jul-2021","EQ","202.00","204.65","196.70","199.25","197.20","198.35","199.62","209.40","51.80",674985,"134,742,438.45",11219
"09-Jul-2021","EQ","197.20","201.65","195.25","195.25","199.15","199.25","198.71","209.40","51.80",1126818,"223,906,524.30",14703
"08-Jul-2021","EQ","193.00","201.80","192.00","192.60","194.90","195.25","197.16","209.40","51.80",1533319,"302,303,456.15",19441
"07-Jul-2021","EQ","194.25","195.90","187.00","195.90","194.80","192.60","190.73","209.40","51.80",857470,"163,545,208.20",15605
"06-Jul-2021","EQ","201.00","209.40","194.25","202.70","197.15","195.90","200.33","209.40","51.80",1016890,"203,717,270.20",14289
"05-Jul-2021","EQ","207.45","209.00","201.65","205.50","203.20","202.70","204.45","209.00","51.80",1021283,"208,799,194.95",14444
"02-Jul-2021","EQ","198.80","208.60","198.70","197.80","204.90","205.50","203.97","209.00","51.80",2036338,"415,361,430.80",21824
"01-Jul-2021","EQ","194.95","199.40","194.00","192.60","198.30","197.80","196.54","209.00","51.80",1313077,"258,072,737.20",14191
"30-Jun-2021","EQ","198.00","203.50","189.25","203.35","193.75","192.60","197.20","209.00","51.80",2700087,"532,457,989.85",28094
"29-Jun-2021","EQ","204.90","209.00","198.35","202.50","203.50","203.35","204.97","209.00","51.80",2359874,"483,704,148.05",26220
"28-Jun-2021","EQ","193.80","208.55","192.00","191.90","203.75","202.50","201.31","208.55","51.80",5091829,"1,025,045,999.60",50474
"25-Jun-2021","EQ","193.00","199.90","189.00","190.40","192.25","191.90","194.61","203.10","51.80",3933993,"765,589,986.70",41467
"24-Jun-2021","EQ","179.60","194.15","178.65","178.70","193.00","190.40","187.08","203.10","51.80",4032110,"754,325,205.80",43171
"23-Jun-2021","EQ","179.50","184.00","177.00","178.15","178.60","178.70","179.95","203.10","51.80",595212,"107,111,280.00",8988
"22-Jun-2021","EQ","183.55","184.85","175.90","182.10","177.80","178.15","181.00","203.10","51.80",662929,"119,990,099.40",12392
"21-Jun-2021","EQ","163.00","187.85","162.00","166.75","182.40","182.10","178.84","203.10","51.80",2139324,"382,595,285.05",37087
"18-Jun-2021","EQ","178.80","181.50","165.10","177.00","167.35","166.75","170.61","203.10","48.45",1397799,"238,479,429.85",18509
"17-Jun-2021","EQ","179.90","184.60","174.50","181.60","177.75","177.00","179.65","203.10","48.45",749862,"134,712,695.60",13270
"16-Jun-2021","EQ","186.80","189.45","179.50","186.45","181.50","181.60","183.20","203.10","48.45",777303,"142,401,930.30",11715
"15-Jun-2021","EQ","191.70","192.90","184.40","189.40","187.00","186.45","188.42","203.10","48.45",866235,"163,215,982.25",12903
"14-Jun-2021","EQ","186.00","193.60","168.25","185.80","190.00","189.40","184.31","203.10","48.45",1864044,"343,568,661.70",23949
"11-Jun-2021","EQ","195.05","196.00","184.00","194.25","186.05","185.80","187.90","203.10","46.45",1245740,"234,077,980.00",15686
"10-Jun-2021","EQ","190.00","197.95","190.00","187.80","194.05","194.25","194.14","203.10","46.45",2322052,"450,808,941.85",23247
"09-Jun-2021","EQ","189.40","203.10","185.35","187.45","187.25","187.80","193.65","203.10","46.45",5288956,"1,024,206,252.00",59589
"08-Jun-2021","EQ","169.50","198.30","161.45","167.95","188.60","187.45","181.99","198.30","46.45",7113704,"1,294,628,445.95",69148
"07-Jun-2021","EQ","154.30","174.50","154.30","151.75","167.85","167.95","166.11","174.50","46.45",5188285,"861,835,552.15",48523
"04-Jun-2021","EQ","153.45","154.90","149.85","152.10","152.40","151.75","152.00","160.00","40.90",1170813,"177,963,335.50",11599
"03-Jun-2021","EQ","153.00","157.65","151.00","148.00","152.00","152.10","154.12","160.00","40.90",2562018,"394,860,272.00",22827
"02-Jun-2021","EQ","150.20","152.35","146.15","149.40","147.40","148.00","149.39","160.00","40.90",906225,"135,378,321.65",9322
"01-Jun-2021","EQ","150.10","150.95","145.20","149.45","148.55","149.40","147.60","160.00","40.90",852908,"125,892,077.75",10879
"31-May-2021","EQ","141.95","151.45","141.95","141.55","149.50","149.45","147.99","160.00","40.90",2553433,"377,878,023.20",22731
"28-May-2021","EQ","142.50","145.45","140.40","141.20","141.35","141.55","143.09","160.00","39.10",690053,"98,741,828.25",7872
"27-May-2021","EQ","142.95","143.70","140.00","142.35","141.00","141.20","141.25","160.00","39.10",323985,"45,762,403.60",4591
"26-May-2021","EQ","141.90","145.00","141.80","141.00","142.75","142.35","143.43","160.00","39.10",455211,"65,289,900.55",6590
"25-May-2021","EQ","140.20","146.30","140.20","140.10","141.00","141.00","143.07","160.00","39.10",1083241,"154,984,272.60",12438
"24-May-2021","EQ","141.80","145.00","137.00","140.25","140.25","140.10","140.82","160.00","39.10",834277,"117,480,577.35",14706
"21-May-2021","EQ","142.50","149.00","139.00","145.50","140.35","140.25","142.96","160.00","35.65",676632,"96,734,675.60",11940
"20-May-2021","EQ","149.00","150.40","144.60","149.15","145.80","145.50","146.94","160.00","35.65",643602,"94,567,933.75",7678
"19-May-2021","EQ","150.00","157.70","147.15","151.05","148.75","149.15","152.76","160.00","35.65",1988150,"303,701,960.50",15146
"18-May-2021","EQ","152.40","153.50","146.00","151.40","151.25","151.05","150.71","160.00","35.65",865697,"130,465,787.15",12252
"17-May-2021","EQ","143.70","155.00","139.90","143.95","151.70","151.40","151.00","160.00","35.65",2114931,"319,363,862.25",26890
"14-May-2021","EQ","160.00","160.00","140.80","151.70","145.20","143.95","147.95","160.00","35.35",1387186,"205,239,207.45",17152
"12-May-2021","EQ","153.65","157.00","146.65","152.25","152.85","151.70","153.08","160.00","35.35",1624933,"248,736,741.60",18333
"11-May-2021","EQ","151.50","160.00","148.65","152.85","152.55","152.25","155.06","160.00","35.35",2195492,"340,428,414.55",25907
"10-May-2021","EQ","143.45","159.80","142.00","139.90","153.90","152.85","151.75","159.80","35.35",4272782,"648,401,854.35",44985
"07-May-2021","EQ","139.00","146.50","138.95","135.65","140.15","139.90","143.64","150.00","34.55",3839127,"551,463,969.55",37038
"06-May-2021","EQ","133.00","137.10","128.00","132.90","136.00","135.65","132.42","150.00","34.55",1427933,"189,089,288.70",17905
"05-May-2021","EQ","128.90","135.50","128.50","127.65","132.30","132.90","132.63","150.00","34.55",2032584,"269,587,907.65",29083
"04-May-2021","EQ","145.00","150.00","122.15","142.25","128.55","127.65","135.97","150.00","34.55",3833311,"521,217,386.55",33128
"03-May-2021","EQ","122.40","145.35","121.10","122.45","141.65","142.25","136.47","145.35","34.55",4994042,"681,533,726.05",38365
"30-Apr-2021","EQ","120.30","126.50","116.55","120.95","123.25","122.45","123.82","126.50","34.55",1546620,"191,502,708.55",12852
"29-Apr-2021","EQ","116.85","122.40","114.30","116.65","120.55","120.95","120.12","122.40","34.55",2163272,"259,859,320.70",17517
"28-Apr-2021","EQ","115.90","119.50","115.25","114.35","116.85","116.65","117.72","119.50","34.55",1604772,"188,920,465.45",13984
"27-Apr-2021","EQ","113.90","115.00","112.00","113.05","114.15","114.35","113.69","116.70","34.55",865158,"98,357,786.35",8885
"26-Apr-2021","EQ","113.60","116.70","111.70","112.00","113.00","113.05","114.66","116.70","34.55",1346679,"154,411,027.10",15831
"23-Apr-2021","EQ","111.25","115.70","111.05","112.15","112.30","112.00","113.33","115.70","34.55",1601085,"181,446,216.00",12619
"22-Apr-2021","EQ","108.40","113.00","106.25","108.40","112.30","112.15","111.39","113.00","34.55",2093986,"233,242,213.65",17235
"20-Apr-2021","EQ","109.80","111.70","106.90","108.55","108.50","108.40","109.45","111.70","34.55",1987107,"217,479,807.85",25872
"19-Apr-2021","EQ","103.95","109.50","99.90","101.95","108.50","108.55","106.53","109.50","34.55",5407775,"576,106,139.20",41116
"16-Apr-2021","EQ","99.25","103.70","99.25","98.75","101.75","101.95","101.94","103.70","34.55",2509537,"255,819,437.75",22685
"15-Apr-2021","EQ","95.00","101.00","93.80","93.85","98.50","98.75","98.59","101.00","34.55",7181800,"708,055,625.00",54967
"13-Apr-2021","EQ","89.45","95.05","88.40","89.05","93.70","93.85","93.08","97.80","34.55",1402657,"130,557,598.75",9296
"12-Apr-2021","EQ","90.75","90.75","85.05","92.65","89.10","89.05","87.79","97.80","34.55",786986,"69,093,048.70",7531
"09-Apr-2021","EQ","91.90","93.80","89.80","89.60","92.70","92.65","92.33","97.80","34.55",1262848,"116,604,547.65",12835
"08-Apr-2021","EQ","85.15","91.35","84.65","84.65","90.70","89.60","88.63","97.80","34.55",1045822,"92,690,930.60",8438
"07-Apr-2021","EQ","84.25","85.40","81.90","83.55","85.15","84.65","84.23","97.80","34.55",255991,"21,561,959.10",2490
"06-Apr-2021","EQ","81.40","84.50","81.40","81.40","83.75","83.55","83.77","97.80","34.55",201737,"16,899,679.80",2361
"05-Apr-2021","EQ","86.15","86.35","80.10","85.25","81.70","81.40","82.63","97.80","34.55",499331,"41,260,752.75",3875
"01-Apr-2021","EQ","85.60","86.45","83.50","84.50","85.00","85.25","85.10","97.80","33.60",339707,"28,908,580.75",2449
"31-Mar-2021","EQ","85.20","86.95","83.10","85.00","84.95","84.50","84.40","97.80","33.60",322561,"27,223,849.95",2627
"30-Mar-2021","EQ","87.50","87.50","84.55","86.30","85.15","85.00","86.18","97.80","33.60",175495,"15,123,322.15",1885
"26-Mar-2021","EQ","86.75","87.25","85.00","84.85","86.00","86.30","85.99","97.80","28.65",347176,"29,855,003.20",3218
"25-Mar-2021","EQ","87.00","89.90","83.65","86.60","84.75","84.85","86.48","97.80","28.65",676048,"58,462,955.25",5505
"24-Mar-2021","EQ","86.55","88.00","85.70","86.35","86.75","86.60","86.96","97.80","28.65",503564,"43,789,052.90",3594
"23-Mar-2021","EQ","85.00","87.40","84.80","84.30","86.65","86.35","86.46","97.80","28.65",558676,"48,305,519.60",4155
"22-Mar-2021","EQ","84.40","85.50","83.45","84.40","84.20","84.30","84.61","97.80","28.65",526101,"44,514,822.15",5560
"19-Mar-2021","EQ","80.00","85.35","80.00","84.60","84.30","84.40","83.23","97.80","28.65",1099551,"91,520,378.55",7696
"18-Mar-2021","EQ","88.25","88.85","84.00","87.20","85.50","84.60","86.62","97.80","28.65",837001,"72,505,152.15",7376
"17-Mar-2021","EQ","89.25","91.40","86.70","88.80","87.25","87.20","89.14","97.80","28.65",1107639,"98,735,396.85",9260
"16-Mar-2021","EQ","89.35","92.60","88.00","88.90","88.90","88.80","90.36","97.80","28.65",946076,"85,490,278.15",8655
"15-Mar-2021","EQ","92.60","92.90","88.30","92.10","89.10","88.90","89.66","97.80","28.65",1071132,"96,037,029.95",9222
"12-Mar-2021","EQ","92.95","95.60","91.70","92.25","92.40","92.10","93.59","97.80","28.65",756603,"70,811,398.05",5609
"10-Mar-2021","EQ","93.80","94.00","91.70","93.70","92.60","92.25","92.52","97.80","28.65",651235,"60,253,165.10",4190
"09-Mar-2021","EQ","94.95","96.90","93.15","94.15","93.35","93.70","95.02","97.80","28.65",1275066,"121,159,496.00",10023
"08-Mar-2021","EQ","92.90","96.25","92.60","92.45","93.90","94.15","94.58","97.80","28.65",1740774,"164,649,219.20",11621
"05-Mar-2021","EQ","95.45","97.40","91.80","95.10","92.50","92.45","94.80","97.80","28.65",1813951,"171,959,457.60",11448
"04-Mar-2021","EQ","94.15","97.80","93.15","94.35","94.80","95.10","95.75","97.80","28.65",2794066,"267,531,320.65",16243
"03-Mar-2021","EQ","90.00","96.00","88.55","90.20","94.15","94.35","93.87","96.00","28.65",3652553,"342,865,528.45",21473
"02-Mar-2021","EQ","89.75","92.40","87.50","90.00","89.75","90.20","90.11","92.40","28.65",2235793,"201,473,268.50",15002
"01-Mar-2021","EQ","90.50","92.40","87.15","87.30","89.00","90.00","89.90","92.40","28.65",3635723,"326,841,284.40",21503
"26-Feb-2021","EQ","82.80","88.65","81.25","83.50","87.75","87.30","85.66","88.65","28.65",2272022,"194,619,392.75",13634
"25-Feb-2021","EQ","79.30","85.60","79.15","79.30","84.20","83.50","83.50","85.60","28.65",3620432,"302,303,467.60",24838
"24-Feb-2021","EQ","80.00","80.50","77.90","78.30","79.30","79.30","79.32","82.00","28.65",1561810,"123,882,236.20",13281
"23-Feb-2021","EQ","74.50","79.75","73.70","73.35","78.50","78.30","77.35","82.00","28.65",2021940,"156,394,482.10",14476
"22-Feb-2021","EQ","72.95","74.30","72.30","72.50","73.15","73.35","73.53","82.00","28.65",486915,"35,801,692.90",3273
"19-Feb-2021","EQ","74.40","75.40","71.00","74.00","72.90","72.50","74.00","82.40","28.65",644496,"47,695,189.70",3950
"18-Feb-2021","EQ","70.55","76.40","70.30","70.20","73.95","74.00","73.68","82.40","28.65",1588549,"117,044,307.85",7137
"17-Feb-2021","EQ","68.80","71.15","68.80","69.20","70.30","70.20","70.36","82.40","28.65",266617,"18,758,070.90",1689
"16-Feb-2021","EQ","70.40","71.40","68.90","70.20","69.10","69.20","69.78","82.40","28.65",445534,"31,089,230.40",3166
"15-Feb-2021","EQ","71.50","71.95","69.95","71.35","70.35","70.20","70.68","82.40","28.65",402779,"28,468,932.00",2680
"12-Feb-2021","EQ","72.00","72.70","71.00","71.70","71.35","71.35","71.70","84.90","28.65",376801,"27,015,572.20",2194
"11-Feb-2021","EQ","72.00","72.95","71.40","71.85","71.95","71.70","72.10","84.90","28.65",240745,"17,356,798.70",1761
"10-Feb-2021","EQ","71.30","73.30","71.30","71.80","72.50","71.85","72.16","84.90","28.65",344915,"24,888,538.35",2086
"09-Feb-2021","EQ","73.00","73.30","71.40","72.60","71.55","71.80","72.30","84.90","28.65",249231,"18,020,402.80",1824
"08-Feb-2021","EQ","73.00","74.00","72.20","72.90","72.40","72.60","72.85","84.90","28.65",312549,"22,767,862.20",1986
"05-Feb-2021","EQ","76.50","76.50","72.20","75.50","73.00","72.90","74.22","84.90","28.65",594381,"44,112,394.55",4000
"04-Feb-2021","EQ","75.80","76.70","74.10","72.30","75.45","75.50","75.61","84.90","28.65",1243946,"94,052,812.95",8790
"03-Feb-2021","EQ","72.45","74.45","71.95","72.15","72.30","72.30","73.17","84.90","28.65",374575,"27,407,321.55",3218
"02-Feb-2021","EQ","73.85","75.00","71.85","73.40","72.00","72.15","73.74","84.90","28.65",448328,"33,061,259.35",3130
"01-Feb-2021","EQ","71.65","75.00","70.15","71.45","73.60","73.40","72.42","84.90","28.65",253898,"18,387,225.50",1864
"29-Jan-2021","EQ","72.25","73.25","71.15","72.20","71.20","71.45","72.05","84.90","28.65",109284,"7,873,528.70",1188
"28-Jan-2021","EQ","70.80","72.60","70.70","72.00","72.10","72.20","71.78","84.90","28.65",156313,"11,219,781.00",1858
"27-Jan-2021","EQ","72.65","73.00","70.70","73.20","72.20","72.00","71.71","84.90","28.65",255768,"18,340,308.10",3572
"25-Jan-2021","EQ","73.00","73.95","72.50","72.75","72.60","73.20","73.35","84.90","28.65",504344,"36,996,014.95",5197
"22-Jan-2021","EQ","71.65","73.65","71.05","71.65","73.00","72.75","72.06","84.90","28.65",578081,"41,656,072.40",3032
"21-Jan-2021","EQ","71.90","73.30","71.35","71.75","71.70","71.65","72.37","84.90","28.65",398938,"28,869,419.00",8708
"20-Jan-2021","EQ","71.90","72.70","71.00","71.50","71.80","71.75","71.90","84.90","28.65",243707,"17,522,767.80",1982
"19-Jan-2021","EQ","71.95","72.60","71.25","71.25","71.25","71.50","71.83","84.90","28.65",201464,"14,472,033.75",1467
"18-Jan-2021","EQ","73.20","73.85","70.40","74.20","71.20","71.25","71.75","84.90","28.65",341423,"24,497,138.55",2379
"15-Jan-2021","EQ","75.40","76.25","74.05","75.00","74.35","74.20","75.09","88.45","28.65",450729,"33,843,997.60",3209
"14-Jan-2021","EQ","73.45","75.30","72.90","73.05","74.60","75.00","74.77","88.45","28.65",741966,"55,475,074.40",3631
"13-Jan-2021","EQ","72.50","75.60","72.50","72.40","73.40","73.05","74.29","88.45","28.65",1042011,"77,413,945.95",7019
"12-Jan-2021","EQ","72.70","73.40","72.20","72.70","72.25","72.40","72.78","88.45","28.65",359046,"26,131,909.35",2279
"11-Jan-2021","EQ","72.70","73.00","71.50","72.00","72.85","72.70","72.32","88.45","28.65",423838,"30,652,199.45",3041
"08-Jan-2021","EQ","72.85","72.90","71.80","72.00","72.15","72.00","72.37","88.45","28.65",287899,"20,834,306.15",1826
"07-Jan-2021","EQ","72.50","73.50","71.40","72.30","71.90","72.00","72.37","88.45","28.65",334819,"24,229,587.05",1976
"06-Jan-2021","EQ","72.85","74.50","71.30","72.40","72.50","72.30","72.69","88.45","28.65",832603,"60,526,047.20",5011
"05-Jan-2021","EQ","71.90","72.90","71.30","72.05","72.20","72.40","72.07","88.45","28.65",341680,"24,623,446.60",2199